{
    "$schema": "http://schema.management.azure.com/schemas/2015-01-01/deploymentTemplate.json#",
    "contentVersion": "1.0.0.0",
    "parameters": {
        "factoryName": {
            "type": "string",
            "metadata": "Data Factory name",
            "defaultValue": "adf-jobsity"
        },
        "ls_storage_connectionString": {
            "type": "secureString",
            "metadata": "Secure string for 'connectionString' of 'ls_storage'"
        },
        "ls_azure_sql_server_connectionString": {
            "type": "secureString",
            "metadata": "Secure string for 'connectionString' of 'ls_azure_sql_server'"
        },
        "trigger_ingestion_properties_pl_ingestion_parameters_prm_trigger_file": {
            "type": "string",
            "defaultValue": "@triggerBody().fileName"
        },
        "trigger_ingestion_properties_typeProperties_scope": {
            "type": "string",
            "defaultValue": "/subscriptions/b218b943-a671-488c-bdd8-de90180652dc/resourceGroups/jobsity/providers/Microsoft.Storage/storageAccounts/jobsitystorage"
        },
        "containerUri": {
            "type": "string",
            "metadata": "URI to storage account containing linked ARM templates"
        },
        "containerSasToken": {
            "type": "string",
            "metadata": "Sas token to storage account containing linked ARM templates"
        }
    },
    "variables": {
        "factoryId": "[concat('Microsoft.DataFactory/factories/', parameters('factoryName'))]"
    },
    "resources": [
        {
            "name": "adf-jobsity_ArmTemplate_0",
            "type": "Microsoft.Resources/deployments",
            "apiVersion": "2018-02-01",
            "properties": {
                "mode": "incremental",
                "templateLink": {
                    "uri": "[concat(parameters('containerUri'), '/ArmTemplate_0.json', parameters('containerSasToken'))]",
                    "contentVersion": "1.0.0.0"
                },
                "parameters": {
                    "factoryName": {
                        "value": "[parameters('factoryName')]"
                    },
                    "ls_storage_connectionString": {
                        "value": "[parameters('ls_storage_connectionString')]"
                    },
                    "ls_azure_sql_server_connectionString": {
                        "value": "[parameters('ls_azure_sql_server_connectionString')]"
                    },
                    "trigger_ingestion_properties_pl_ingestion_parameters_prm_trigger_file": {
                        "value": "[parameters('trigger_ingestion_properties_pl_ingestion_parameters_prm_trigger_file')]"
                    },
                    "trigger_ingestion_properties_typeProperties_scope": {
                        "value": "[parameters('trigger_ingestion_properties_typeProperties_scope')]"
                    }
                }
            },
            "dependsOn": []
        }
    ]
}