{
    "$schema": "http://schema.management.azure.com/schemas/2015-01-01/deploymentTemplate.json#",
    "contentVersion": "1.0.0.0",
    "parameters": {
        "factoryName": {
            "type": "string",
            "metadata": "Data Factory name",
            "defaultValue": "adf-jobsity"
        },
        "ls_storage_connectionString": {
            "type": "secureString",
            "metadata": "Secure string for 'connectionString' of 'ls_storage'"
        },
        "ls_azure_sql_server_connectionString": {
            "type": "secureString",
            "metadata": "Secure string for 'connectionString' of 'ls_azure_sql_server'"
        },
        "trigger_ingestion_properties_pl_ingestion_parameters_prm_trigger_file": {
            "type": "string",
            "defaultValue": "@triggerBody().fileName"
        },
        "trigger_ingestion_properties_typeProperties_scope": {
            "type": "string",
            "defaultValue": "/subscriptions/b218b943-a671-488c-bdd8-de90180652dc/resourceGroups/jobsity/providers/Microsoft.Storage/storageAccounts/jobsitystorage"
        }
    },
    "variables": {
        "factoryId": "[concat('Microsoft.DataFactory/factories/', parameters('factoryName'))]"
    },
    "resources": [
        {
            "name": "[concat(parameters('factoryName'), '/ls_storage')]",
            "type": "Microsoft.DataFactory/factories/linkedServices",
            "apiVersion": "2018-06-01",
            "properties": {
                "annotations": [],
                "type": "AzureBlobStorage",
                "typeProperties": {
                    "connectionString": "[parameters('ls_storage_connectionString')]"
                }
            },
            "dependsOn": []
        },
        {
            "name": "[concat(parameters('factoryName'), '/ls_azure_sql_server')]",
            "type": "Microsoft.DataFactory/factories/linkedServices",
            "apiVersion": "2018-06-01",
            "properties": {
                "annotations": [],
                "type": "AzureSqlDatabase",
                "typeProperties": {
                    "connectionString": "[parameters('ls_azure_sql_server_connectionString')]"
                }
            },
            "dependsOn": []
        },
        {
            "name": "[concat(parameters('factoryName'), '/ds_csv_file')]",
            "type": "Microsoft.DataFactory/factories/datasets",
            "apiVersion": "2018-06-01",
            "properties": {
                "linkedServiceName": {
                    "referenceName": "ls_storage",
                    "type": "LinkedServiceReference"
                },
                "parameters": {
                    "prm_file_name": {
                        "type": "string",
                        "defaultValue": "trips.csv"
                    }
                },
                "annotations": [],
                "type": "DelimitedText",
                "typeProperties": {
                    "location": {
                        "type": "AzureBlobStorageLocation",
                        "fileName": {
                            "value": "@dataset().prm_file_name",
                            "type": "Expression"
                        },
                        "container": "landing"
                    },
                    "columnDelimiter": ",",
                    "escapeChar": "\\",
                    "firstRowAsHeader": true,
                    "quoteChar": "\""
                },
                "schema": [
                    {
                        "name": "region",
                        "type": "String"
                    },
                    {
                        "name": "origin_coord",
                        "type": "String"
                    },
                    {
                        "name": "destination_coord",
                        "type": "String"
                    },
                    {
                        "name": "datetime",
                        "type": "String"
                    },
                    {
                        "name": "datasource",
                        "type": "String"
                    }
                ]
            },
            "dependsOn": [
                "[concat(variables('factoryId'), '/linkedServices/ls_storage')]"
            ]
        },
        {
            "name": "[concat(parameters('factoryName'), '/ds_sqltable')]",
            "type": "Microsoft.DataFactory/factories/datasets",
            "apiVersion": "2018-06-01",
            "properties": {
                "linkedServiceName": {
                    "referenceName": "ls_azure_sql_server",
                    "type": "LinkedServiceReference"
                },
                "annotations": [],
                "type": "AzureSqlTable",
                "schema": [],
                "typeProperties": {
                    "schema": "stg",
                    "table": "trips"
                }
            },
            "dependsOn": [
                "[concat(variables('factoryId'), '/linkedServices/ls_azure_sql_server')]"
            ]
        },
        {
            "name": "[concat(parameters('factoryName'), '/pl_trips')]",
            "type": "Microsoft.DataFactory/factories/pipelines",
            "apiVersion": "2018-06-01",
            "properties": {
                "activities": [
                    {
                        "name": "Stored procedure1",
                        "type": "SqlServerStoredProcedure",
                        "dependsOn": [],
                        "policy": {
                            "timeout": "7.00:00:00",
                            "retry": 0,
                            "retryIntervalInSeconds": 30,
                            "secureOutput": false,
                            "secureInput": false
                        },
                        "userProperties": [],
                        "typeProperties": {
                            "storedProcedureName": "[[dw].[usp_load_trips]"
                        },
                        "linkedServiceName": {
                            "referenceName": "ls_azure_sql_server",
                            "type": "LinkedServiceReference"
                        }
                    }
                ],
                "policy": {
                    "elapsedTimeMetric": {},
                    "cancelAfter": {}
                },
                "annotations": []
            },
            "dependsOn": [
                "[concat(variables('factoryId'), '/linkedServices/ls_azure_sql_server')]"
            ]
        },
        {
            "name": "[concat(parameters('factoryName'), '/pl_ingestion')]",
            "type": "Microsoft.DataFactory/factories/pipelines",
            "apiVersion": "2018-06-01",
            "properties": {
                "activities": [
                    {
                        "name": "Load data to SQL",
                        "type": "Copy",
                        "dependsOn": [
                            {
                                "activity": "log initial",
                                "dependencyConditions": [
                                    "Succeeded"
                                ]
                            }
                        ],
                        "policy": {
                            "timeout": "7.00:00:00",
                            "retry": 0,
                            "retryIntervalInSeconds": 30,
                            "secureOutput": false,
                            "secureInput": false
                        },
                        "userProperties": [],
                        "typeProperties": {
                            "source": {
                                "type": "DelimitedTextSource",
                                "additionalColumns": [
                                    {
                                        "name": "ctr_pipeline_run_id",
                                        "value": {
                                            "value": "@pipeline().RunId",
                                            "type": "Expression"
                                        }
                                    },
                                    {
                                        "name": "ctr_file_path",
                                        "value": "$$FILEPATH"
                                    }
                                ],
                                "storeSettings": {
                                    "type": "AzureBlobStorageReadSettings",
                                    "recursive": true,
                                    "enablePartitionDiscovery": false
                                },
                                "formatSettings": {
                                    "type": "DelimitedTextReadSettings"
                                }
                            },
                            "sink": {
                                "type": "AzureSqlSink",
                                "writeBehavior": "insert",
                                "sqlWriterUseTableLock": true,
                                "disableMetricsCollection": false
                            },
                            "enableStaging": false,
                            "translator": {
                                "type": "TabularTranslator",
                                "typeConversion": true,
                                "typeConversionSettings": {
                                    "allowDataTruncation": true,
                                    "treatBooleanAsNumber": false
                                }
                            }
                        },
                        "inputs": [
                            {
                                "referenceName": "ds_csv_file",
                                "type": "DatasetReference",
                                "parameters": {
                                    "prm_file_name": {
                                        "value": "@pipeline().parameters.prm_trigger_file",
                                        "type": "Expression"
                                    }
                                }
                            }
                        ],
                        "outputs": [
                            {
                                "referenceName": "ds_sqltable",
                                "type": "DatasetReference",
                                "parameters": {}
                            }
                        ]
                    },
                    {
                        "name": "log initial",
                        "type": "SqlServerStoredProcedure",
                        "dependsOn": [],
                        "policy": {
                            "timeout": "7.00:00:00",
                            "retry": 0,
                            "retryIntervalInSeconds": 30,
                            "secureOutput": false,
                            "secureInput": false
                        },
                        "userProperties": [],
                        "typeProperties": {
                            "storedProcedureName": "[[log].[usp_log]",
                            "storedProcedureParameters": {
                                "ctr_pipeline_run_id": {
                                    "value": {
                                        "value": "@pipeline().RunId",
                                        "type": "Expression"
                                    },
                                    "type": "String"
                                },
                                "dat_finish": {
                                    "value": null,
                                    "type": "DateTime"
                                },
                                "dat_start": {
                                    "value": {
                                        "value": "@utcnow()",
                                        "type": "Expression"
                                    },
                                    "type": "DateTime"
                                },
                                "sts_process": {
                                    "value": "Started",
                                    "type": "String"
                                }
                            }
                        },
                        "linkedServiceName": {
                            "referenceName": "ls_azure_sql_server",
                            "type": "LinkedServiceReference"
                        }
                    },
                    {
                        "name": "log final",
                        "type": "SqlServerStoredProcedure",
                        "dependsOn": [
                            {
                                "activity": "Load data to SQL",
                                "dependencyConditions": [
                                    "Completed"
                                ]
                            }
                        ],
                        "policy": {
                            "timeout": "7.00:00:00",
                            "retry": 0,
                            "retryIntervalInSeconds": 30,
                            "secureOutput": false,
                            "secureInput": false
                        },
                        "userProperties": [],
                        "typeProperties": {
                            "storedProcedureName": "[[log].[usp_log]",
                            "storedProcedureParameters": {
                                "ctr_pipeline_run_id": {
                                    "value": {
                                        "value": "@pipeline().RunId",
                                        "type": "Expression"
                                    },
                                    "type": "String"
                                },
                                "dat_finish": {
                                    "value": {
                                        "value": "@utcnow()",
                                        "type": "Expression"
                                    },
                                    "type": "DateTime"
                                },
                                "dat_start": {
                                    "value": null,
                                    "type": "DateTime"
                                },
                                "sts_process": {
                                    "value": "Completed",
                                    "type": "String"
                                }
                            }
                        },
                        "linkedServiceName": {
                            "referenceName": "ls_azure_sql_server",
                            "type": "LinkedServiceReference"
                        }
                    }
                ],
                "policy": {
                    "elapsedTimeMetric": {},
                    "cancelAfter": {}
                },
                "parameters": {
                    "prm_trigger_file": {
                        "type": "string"
                    }
                },
                "annotations": []
            },
            "dependsOn": [
                "[concat(variables('factoryId'), '/datasets/ds_csv_file')]",
                "[concat(variables('factoryId'), '/datasets/ds_sqltable')]",
                "[concat(variables('factoryId'), '/linkedServices/ls_azure_sql_server')]"
            ]
        },
        {
            "name": "[concat(parameters('factoryName'), '/trigger_trips')]",
            "type": "Microsoft.DataFactory/factories/triggers",
            "apiVersion": "2018-06-01",
            "properties": {
                "annotations": [],
                "runtimeState": "Started",
                "pipelines": [
                    {
                        "pipelineReference": {
                            "referenceName": "pl_trips",
                            "type": "PipelineReference"
                        },
                        "parameters": {}
                    }
                ],
                "type": "ScheduleTrigger",
                "typeProperties": {
                    "recurrence": {
                        "frequency": "Minute",
                        "interval": 5,
                        "startTime": "2022-07-23T15:18:00Z",
                        "endTime": "2022-07-26T00:18:00Z",
                        "timeZone": "UTC"
                    }
                }
            },
            "dependsOn": [
                "[concat(variables('factoryId'), '/pipelines/pl_trips')]"
            ]
        },
        {
            "name": "[concat(parameters('factoryName'), '/trigger_ingestion')]",
            "type": "Microsoft.DataFactory/factories/triggers",
            "apiVersion": "2018-06-01",
            "properties": {
                "annotations": [],
                "runtimeState": "Started",
                "pipelines": [
                    {
                        "pipelineReference": {
                            "referenceName": "pl_ingestion",
                            "type": "PipelineReference"
                        },
                        "parameters": {
                            "prm_trigger_file": "[parameters('trigger_ingestion_properties_pl_ingestion_parameters_prm_trigger_file')]"
                        }
                    }
                ],
                "type": "BlobEventsTrigger",
                "typeProperties": {
                    "blobPathBeginsWith": "/landing/blobs/",
                    "blobPathEndsWith": ".csv",
                    "ignoreEmptyBlobs": true,
                    "scope": "[parameters('trigger_ingestion_properties_typeProperties_scope')]",
                    "events": [
                        "Microsoft.Storage.BlobCreated"
                    ]
                }
            },
            "dependsOn": [
                "[concat(variables('factoryId'), '/pipelines/pl_ingestion')]"
            ]
        }
    ]
}