{
    "$schema": "https://schema.management.azure.com/schemas/2015-01-01/deploymentParameters.json#",
    "contentVersion": "1.0.0.0",
    "parameters": {
        "factoryName": {
            "value": "adf-jobsity"
        },
        "ls_storage_connectionString": {
            "value": ""
        },
        "ls_azure_sql_server_connectionString": {
            "value": ""
        },
        "trigger_ingestion_properties_pl_ingestion_parameters_prm_trigger_file": {
            "value": "@triggerBody().fileName"
        },
        "trigger_ingestion_properties_typeProperties_scope": {
            "value": "/subscriptions/b218b943-a671-488c-bdd8-de90180652dc/resourceGroups/jobsity/providers/Microsoft.Storage/storageAccounts/jobsitystorage"
        }
    }
}